01Log2019_11_05-15_05_01.csv
11/05/2019    15:05:01.814, VI started
11/05/2019    15:05:02.620, Announcement from #184
11/05/2019    15:05:02.655, ERROR from #184 : SD card communication fail. continuing with no logging to SD card
11/05/2019    15:05:16.110, Logging to: 2019_11_05-15_05_16_Data.csv
11/05/2019    15:05:16.110, Trigger sent to #255, T=1000ms, conf.set 0, ammonia 0
11/05/2019    15:05:16.203, ERROR from #184 : SD card not used in this measurement
11/05/2019    16:43:19.710, Announcement from #184
11/05/2019    16:43:19.717, ERROR from #184 : SD card communication fail. continuing with no logging to SD card
11/05/2019    18:17:26.062, Trigger sent to #255, T=1000ms, conf.set 0, ammonia 0
11/05/2019    18:17:26.170, ERROR from #184 : SD card not used in this measurement
11/05/2019    18:18:33.547, Stop sent to #255