01Log2019_11_02-10_38_28.csv
11/02/2019    10:38:29.426, VI started
11/02/2019    10:38:29.834, Announcement from #184
11/02/2019    10:38:41.905, Logging to: 2019_11_02-10_38_41_Data.csv
11/02/2019    10:38:41.905, Trigger sent to #255, T=1000ms, conf.set 6, ammonia 0
11/02/2019    10:38:42.045, ERROR from #184 : Electrochemical sensor not found at A1.0
11/02/2019    10:38:42.047, ERROR from #184 : Electrochemical sensor not found at A1.1
11/02/2019    10:38:42.049, ERROR from #184 : Electrochemical sensor not found at A1.2
11/02/2019    10:38:42.049, ERROR from #184 : Electrochemical sensor not found at A1.3
11/02/2019    10:38:42.050, ERROR from #184 : Electrochemical sensor not found at A2.0
11/02/2019    10:39:35.058, Stop sent to #255